<?xml version="1.0" encoding="UTF-8"?>
<mods xmlns="http://www.loc.gov/mods/v3" 
  xmlns:mods="http://www.loc.gov/mods/v3" 
  xmlns:xsi="http://www.w3.org/2001/XMLSchema-instance" 
  xmlns:xlink="http://www.w3.org/1999/xlink" version="3.5" xsi:schemaLocation="http://www.loc.gov/mods/v3 http://www.loc.gov/standards/mods/v3/mods-3-5.xsd">
  <titleInfo>
    <title>Blue Bop</title>
  </titleInfo>
  <name type="personal">
    <namePart>Jaffe, Andy</namePart>
    <role>
      <roleTerm authority="marcrelator" type="text">Collector</roleTerm>
    </role>
  </name>
  <typeOfResource>sound recording-musical</typeOfResource>
  <language>
    <languageTerm authority="iso639-2b" type="code">eng</languageTerm>
  </language>
  <abstract>Audio recording of "Blue Bop"</abstract>
  <identifier type="collection">Audio_03.mp3</identifier>
  <physicalDescription>
    <form authority="marccategory">sound_recording</form>
  </physicalDescription>
  <subject>
    <topic>Jazz</topic>
    <topic>Performance</topic>
    <topic>Music--Performance</topic>
  </subject>

</mods>
